64,7728e8d6-70c2-11e5-ac8f-00259029c497
45,715fa16a-4c23-11e3-89cc-005056c00008
16,5f374b91-bcb5-11e4-8849-00259029c497
36,2ee912bd-236d-11e4-947e-00259029c497
15,0418dd17-9483-11e1-9825-00259029c497
12,3ffbfc41-a269-11e1-9b41-00259029c497
29,a64335ab-a409-11e1-9b41-00259029c497
37,3ffbfc43-a269-11e1-9b41-00259029c497
56,3ffbfc45-a269-11e1-9b41-00259029c497
23,57d552e2-af10-11e1-821a-00259029c497
70,e930c086-6261-11e8-8e77-00259029c497
57,56153d13-f034-11e2-aa86-005056c00008
61,d20507ce-2ec6-11e5-9cd1-00259029c497
46,cbaf8b9e-0b00-11e3-8ddf-005056c00008
11,3ffbfc3e-a269-11e1-9b41-00259029c497
50,3ffbfc40-a269-11e1-9b41-00259029c497
47,5d3f2e2d-3ca8-11e4-b10c-00259029c497
40,6666cc15-9d07-11e1-9b41-00259029c497
9,2ee912c0-236d-11e4-947e-00259029c497
6,57d552db-af10-11e1-821a-00259029c497
7,57d552dc-af10-11e1-821a-00259029c497
8,57d552dd-af10-11e1-821a-00259029c497
22,57d552df-af10-11e1-821a-00259029c497
68,5c13ecb6-de13-11e6-93ad-00259029c497
59,86ded6a0-158f-11e5-80ad-00259029c497
35,0418dd16-9483-11e1-9825-00259029c497
48,8b4ee6a4-3d65-11e4-b10c-00259029c497
27,0418dd15-9483-11e1-9825-00259029c497
26,02094ee8-a960-11e1-821a-00259029c497
34,6666cc12-9d07-11e1-9b41-00259029c497
62,1810246e-322f-11e6-b01d-00259029c497
33,012b5580-9e57-11e1-9b41-00259029c497
32,d6cc76da-9e4f-11e1-9b41-00259029c497
25,0db58bcf-4b44-11e1-b093-001a4d66a112
38,e1ac30f1-b54f-11e1-821a-00259029c497
43,09e2c12b-9fe0-11e1-9b41-00259029c497
42,09e2c12c-9fe0-11e1-9b41-00259029c497
31,09e2c129-9fe0-11e1-9b41-00259029c497
14,0005e47c-a957-11e1-821a-00259029c497
54,0005e47d-a957-11e1-821a-00259029c497
17,5fa4fdee-064f-11e2-8c81-00259029c497
67,f7f8b7b3-0d45-11e6-b6b1-00259029c497
60,57d552e4-af10-11e1-821a-00259029c497
13,67f05bf3-7b82-11e4-8515-00259029c497
65,1c4e14ee-982c-11e5-bfbc-00259029c497
41,6666cc14-9d07-11e1-9b41-00259029c497
63,716eef73-584d-11e5-a933-00259029c497
24,0418dd14-9483-11e1-9825-00259029c497
39,07d15194-0130-11e4-9b79-00259029c497
66,f7f8b7b6-0d45-11e6-b6b1-00259029c497
69,f7f8b7b7-0d45-11e6-b6b1-00259029c497