IE_XML_ID;IE_ID;IP_PROP486
500103209;64798;мех
500103210;64799;мех
500103212;64800;мех
500103439;130790;мех
500103956;57619;мех
500103979;57623;мех
500103981;130797;мех
500104050;57639;мех
500104077;57642;мех
500104096;57652;мех
500104099;57653;мех
500104225;57670;мех
500104242;64832;мех
500104244;64833;мех
500104246;71594;мех
500104247;57674;мех
500104369;64859;мех
500104392;57696;мех
500104433;64869;мех
500104434;57705;мех
500104440;64874;мех
500104488;64881;мех
500104490;64882;мех
500104497;57717;мех
500104498;57718;мех
500104523;132201;мех
500104585;132208;мех
500104586;57751;мех
500104624;132212;мех
500104634;64896;мех
500104635;64897;мех
500104722;57790;мех
500104775;64912;мех
500104777;132221;мех
500104794;57808;мех
500104804;64917;мех
500104805;64918;мех
500104837;64921;мех
500104855;132224;мех
500104865;57826;мех
500104884;64927;мех
500104901;132228;мех
500104984;132236;мех
500105008;132240;мех
500105023;64946;мех
500105024;64947;мех
500105027;57863;мех
500105052;57867;мех
500105176;57893;мех
500105206;132257;мех
500105207;64965;мех
500105221;64966;мех
500105250;132260;мех
500105251;64969;мех
500105254;57917;мех
500105257;57918;мех
500105303;64974;мех
500105304;132267;мех
500105373;57958;мех
500105403;132275;мех
500105404;132276;мех
500105458;132279;мех
500105710;64990;мех
500105711;64991;мех
500105714;64993;мех
500105716;64994;мех
500105724;64995;мех
500105734;64996;мех
500105736;64998;мех
500105745;65000;мех
500105746;65001;мех
500105751;65002;мех
500105753;65003;мех
500105754;65004;мех
500105769;65005;мех
500105777;65008;мех
500105779;65009;мех
500105782;65010;мех
500105783;65011;мех
500105784;65012;мех
500105795;65015;мех
500105797;65017;мех
500105799;65019;мех
500105801;65021;мех
500105802;58002;мех
500105809;58004;мех
500105811;58005;мех
500105817;58006;мех
500105819;58007;мех
500105823;58008;мех
500105825;58009;мех
500105828;65028;мех
500105831;65030;мех
500105841;58013;мех
500105843;58014;мех
500105845;65032;мех
500105847;65033;мех
500105865;65034;мех
500105868;65035;мех
500105871;132924;мех
500105873;65037;мех
500105879;65038;мех
500105883;65039;мех
500105897;65040;мех
500105912;132930;мех
500105958;132932;мех
500105964;132935;мех
500105966;132936;мех
500105984;132938;мех
500105986;132939;мех
500105995;65050;мех
500105999;65052;мех
500106001;65054;мех
500106004;65056;мех
500106005;65057;мех
500106021;65058;мех
500106025;58056;мех
500106033;58058;мех
500106035;58060;мех
500106036;58061;мех
500106040;58063;мех
500106043;65059;мех
500106047;65060;мех
500106049;58067;мех
500106053;65061;мех
500106055;132940;мех
500106059;65063;мех
500106064;65064;мех
500106066;65065;мех
500106071;132941;мех
500106075;65068;мех
500106076;65069;мех
500106081;65070;мех
500106082;65071;мех
500106085;65072;мех
500106087;65073;мех
500106099;65075;мех
500106102;65076;мех
500106104;58077;мех
500106106;65077;мех
500106109;65078;мех
500106123;58085;мех
500106127;65081;мех
500106132;58086;мех
500106134;65083;мех
500106142;132943;мех
500106144;65086;мех
500106145;65087;мех
500106186;65088;мех
500106283;132949;мех
500106285;65093;мех
500106287;65094;мех
500106295;65095;мех
500106303;132951;мех
500106305;65097;мех
500106307;65098;мех
500106314;65099;мех
500106327;58130;мех
500106333;65101;мех
500106344;65102;мех
500106349;65103;мех
500106352;58139;мех
500106379;65104;мех
500106381;65105;мех
500106399;65107;мех
500106400;65108;мех
500106436;65110;мех
500106438;65111;мех
500106439;65112;мех
500106443;65113;мех
500106446;65115;мех
500106460;65116;мех
500106465;65117;мех
500106469;65118;мех
500106492;58170;мех
500106499;65120;мех
500106502;65121;мех
500106503;65122;мех
500106508;65123;мех
500106510;65124;мех
500106511;65125;мех
500106513;65126;мех
500106516;65129;мех
500106518;65131;мех
500106524;65132;мех
500106529;65133;мех
500106540;65135;мех
500106543;65136;мех
500106571;58184;мех
500106575;58186;мех
500106584;58187;мех
500106662;132957;мех
500106664;132959;мех
500106674;132961;мех
500106676;132962;мех
500106689;58197;мех
500106691;65145;мех
500106692;132963;мех
500106697;58200;мех
500106712;58205;мех
500106755;58211;мех
500106792;65154;мех
500106905;65155;мех
500106908;65156;мех
500106920;65157;мех
500106926;65158;мех
500106935;58230;мех
500106937;65159;мех
500107166;65161;мех
500107168;65163;мех
500107174;65165;мех
500107188;58252;мех
500107196;58254;мех
500107213;65168;мех
500107216;58256;мех
500107226;58258;мех
500107228;65169;мех
500107256;65173;мех
500107260;131820;мех
500107262;65177;мех
500107264;65178;мех
500107266;65180;мех
500107268;131822;мех
500107277;58262;мех
500107278;58263;мех
500107279;58264;мех
500107287;65183;мех
500107310;131825;мех
500107313;58269;мех
500107314;65185;мех
500107317;58270;мех
500107318;65187;мех
500107321;58271;мех
500107333;65189;мех
500107342;65192;мех
500107343;65191;мех
500107344;65193;мех
500107346;65194;мех
500107359;65197;мех
500107365;65198;мех
500107369;65199;мех
500107372;65201;мех
500107374;65202;мех
500107376;65203;мех
500107381;65204;мех
500107387;65205;мех
500107388;65207;мех
500107402;65209;мех
500107407;65210;мех
500107410;65212;мех
500107412;58284;мех
500107422;65214;мех
500107424;58286;мех
500107427;58288;мех
500107431;58290;мех
500107435;58292;мех
500107437;65219;мех
500107465;65222;мех
500107469;58296;мех
500107473;65224;мех
500107474;65227;мех
500107476;58299;мех
500107480;65228;мех
500107482;58300;мех
500107484;65229;мех
500107486;58302;мех
500107488;58303;мех
500107489;65231;мех
500107502;65232;мех
500107507;65233;мех
500107508;58307;мех
500107512;58308;мех
500107514;65234;мех
500107520;58310;мех
500107529;65242;мех
500107530;58312;мех
500107535;65239;мех
500107536;65244;мех
500107539;65241;мех
500107549;65248;мех
500107556;65249;мех
500107557;65250;мех
500107561;65252;мех
500107575;131827;мех
500107577;131828;мех
500107582;131830;мех
500107587;131829;мех
500107607;58316;мех
500107612;65261;мех
500107615;131832;мех
500107623;65264;мех
500107627;58320;мех
500107628;58322;мех
500107640;65270;мех
500107647;58324;мех
500107665;65272;мех
500107672;65273;мех
500107674;65274;мех
500107686;65276;мех
500107689;65277;мех
500107692;58329;мех
500107700;58331;мех
500107704;131839;мех
500107715;131841;мех
500107722;131843;мех
500107725;131842;мех
500107729;65285;мех
500107731;65286;мех
500107733;65287;мех
500107741;58341;мех
500107747;58342;мех
500107749;131845;мех
500107753;131847;мех
500107765;131850;мех
500107773;58351;мех
500107775;58353;мех
500107777;58354;мех
500107786;131851;мех
500107787;131852;мех
500107791;131853;мех
500107793;131854;мех
500107799;65297;мех
500107801;58357;мех
500107803;65298;мех
500107805;131856;мех
500107807;58359;мех
500107808;131857;мех
500107816;65301;мех
500107841;58366;мех
500107846;58368;мех
500107850;58371;мех
500107851;58370;мех
500107853;131859;мех
500107855;65305;мех
500107859;58374;мех
500107866;131863;мех
500107868;58376;мех
500107870;58377;мех
500107874;58379;мех
500107876;58382;мех
500107880;65310;мех
500107887;58385;мех
500107889;58386;мех
500107890;131865;мех
500107892;131864;мех
500107903;58388;мех
500107904;58390;мех
500107905;131866;мех
500107909;131868;мех
500107911;65313;мех
500107914;58394;мех
500107927;65314;мех
500107934;58403;мех
500107942;65316;мех
500107949;65318;мех
500107952;58406;мех
500107953;58410;мех
500107957;58412;мех
500107960;58409;мех
500107968;65321;мех
500107969;58416;мех
500107970;65322;мех
500107973;58418;мех
500107978;58419;мех
500107980;58420;мех
500107984;58422;мех
500107988;65326;мех
500107990;65327;мех
500107993;131870;мех
500108001;65328;мех
500108009;65329;мех
500108018;131874;мех
500108021;131872;мех
500108042;58433;мех
500108056;58437;мех
500108058;65333;мех
500108059;58439;мех
500108060;58440;мех
500108066;65334;мех
500108070;58442;мех
500108073;65336;мех
500108084;65339;мех
500108096;131878;мех
500108098;131880;мех
500108106;65345;мех
500108108;58451;мех
500108110;65347;мех
500108112;58452;мех
500108123;58453;мех
500108127;131882;мех
500108131;58459;мех
500108143;131884;мех
500108145;131886;мех
500108147;131887;мех
500108150;131889;мех
500108151;58463;мех
500108156;58464;мех
500108158;65357;мех
500108160;65359;мех
500108162;65360;мех
500108166;65362;мех
500108170;65364;мех
500108172;65366;мех
500108174;65368;мех
500108177;58466;мех
500108178;58434;мех
500108179;58467;мех
500108181;58435;мех
500108182;65370;мех
500108186;65371;мех
500108187;65331;мех
500108189;65332;мех
500108197;65373;мех
500108198;58470;мех
500108201;65375;мех
500108212;65379;мех
500108218;58472;мех
500108223;65380;мех
500108225;65383;мех
500108239;65386;мех
500108251;65388;мех
500108259;58475;мех
500108261;65394;мех
500108280;131894;мех
500108281;65391;мех
500108292;58481;мех
500108294;65398;мех
500108301;65400;мех
500108310;65403;мех
500108321;58483;мех
500108325;131896;мех
500108336;65406;мех
500108344;65408;мех
500108347;65410;мех
500108351;65412;мех
500108360;65414;мех
500108364;65416;мех
500108368;131898;мех
500108380;65421;мех
500108383;131900;мех
500108387;131902;мех
500108396;65422;мех
500108408;65424;мех
500108417;65426;мех
500108429;58496;мех
500108444;131908;мех
500108452;65435;мех
500108454;131909;мех
500108456;131910;мех
500108460;65443;мех
500108467;131912;мех
500108478;65445;мех
500108480;65447;мех
500108484;131915;мех
500108486;58506;мех
500108488;131917;мех
500108489;65451;мех
500108490;65452;мех
500108495;65453;мех
500108497;58509;мех
500108499;131918;мех
500108505;65455;мех
500108517;65458;мех
500108523;65460;мех
500108535;58518;мех
500108538;65464;мех
500108540;65465;мех
500108543;65468;мех
500108544;65469;мех
500108546;65470;мех
500108553;131924;мех
500108575;65475;мех
500108591;58529;мех
500108606;65476;мех
500108612;65478;мех
500109347;58237;мех
500109349;58239;мех
500109351;58241;мех
500109353;58243;мех
500109355;58245;мех
500109357;58247;мех
500109359;58249;мех
500112229;97441;мех
500112233;97443;мех
500112235;97445;мех
500112237;97447;мех
500112322;97451;мех
500112325;97453;мех
500112327;97455;мех
500112338;97458;мех
500112350;97463;мех
500112371;97470;мех
500112373;97472;мех
500112375;97474;мех
500112393;132076;мех
500112398;97480;мех
500112401;97483;мех
500112409;97488;мех
500112431;97494;мех
500112479;97509;мех
500112481;97511;мех
500112525;97524;мех
500112533;97527;мех
500112536;97529;мех
500112538;97531;мех
500112546;97534;мех
500112696;97574;мех
500112735;97580;мех
500112739;132103;мех
500112745;132106;мех
500112760;132108;мех
500112812;97611;мех
500112822;97615;мех
500112831;97618;мех
500112833;97620;мех
500112835;97622;мех
500112860;97630;мех
500112879;97637;мех
500112881;97639;мех
500112885;97642;мех
500112912;132119;мех
500112920;132122;мех
500112924;132124;мех
500112960;132131;мех
500112970;97668;мех
500112976;97671;мех
500113009;132142;мех
500113014;97684;мех
500113038;132148;мех
500113069;96385;мех
500113077;96387;мех
500113080;96390;мех
500113092;132151;мех
500113117;96402;мех
500113122;96406;мех
500113128;96408;мех
500113143;96415;мех
500113146;96418;мех
500113152;96421;мех
500113196;96429;мех
500113205;96431;мех
500113226;96437;мех
500113235;96440;мех
500113248;96443;мех
500113251;96446;мех
500113262;132159;мех
500113294;132161;мех
500113309;132164;мех
500113321;132167;мех
500113327;132170;мех
500113333;132172;мех
500113336;132175;мех
500113340;132176;мех
500113351;132179;мех
500113370;132183;мех
500113379;132188;мех
500113386;132189;мех
500113392;132194;мех
500113432;132288;мех
500113453;132299;мех
500113473;132304;мех
500113479;132306;мех
500113491;132310;мех
500113493;132312;мех
500113506;132314;мех
500113518;132317;мех
500113529;132321;мех
500113535;132322;мех
500113537;132324;мех
500113544;132327;мех
500113546;132329;мех
500113556;132331;мех
500113560;132334;мех
500113575;132340;мех
500113587;132347;мех
500113617;132354;мех
500113660;132361;мех
500113663;132364;мех
500113665;132366;мех
500113687;132370;мех
500113712;132376;мех
500113718;132378;мех
500113759;96618;мех
500113779;96622;мех
500113801;132385;мех
500113805;132387;мех
500113811;132389;мех
500113815;132392;мех
500113817;96638;мех
500113823;96640;мех
500113844;96649;мех
500113855;96655;мех
500113863;96657;мех
500113883;132394;мех
500113885;132396;мех
500113893;132400;мех
500113895;132402;мех
500113915;132410;мех
500113918;132413;мех
500113921;132416;мех
500113930;132421;мех
500113933;132423;мех
500113936;132425;мех
500114070;96736;мех
500114082;96739;мех
500114087;96742;мех
500114098;132443;мех
500114103;132445;мех
500114111;132446;мех
500114117;132448;мех
500114147;132455;мех
500114157;132459;мех
500114168;132464;мех
500114199;132473;мех
500114228;96790;мех
500114235;96792;мех
500114250;96796;мех
500114259;132474;мех
500114262;132476;мех
500114317;96821;мех
500114326;96825;мех
500114328;96827;мех
500114338;96831;мех
500114352;96837;мех
500114375;132479;мех
500114388;132482;мех
500114390;132484;мех
500114415;96862;мех
500114432;132490;мех
500115168;132491;мех
500115169;132492;мех
500115183;96876;мех
500115185;96878;мех
500115187;132496;мех
500115195;96887;мех
500115197;96889;мех
500115200;132499;мех
500115202;132501;мех
500115204;96896;мех
500115210;96902;мех
500115212;96904;мех
500115214;96906;мех
500115216;96908;мех
500115218;96910;мех
500115220;96912;мех
500115222;96914;мех
500115224;96916;мех
500115226;96918;мех
500115227;96919;мех
500115228;96920;мех
500115230;96922;мех
500115232;96924;мех
500115234;96926;мех
500115236;96928;мех
500115238;96930;мех
500115240;96932;мех
500115242;96934;мех
500115244;96936;мех
500115246;96938;мех
500115309;132504;мех
500115317;96948;мех
500115319;96950;мех
500115321;96952;мех
500115325;132514;мех
500115327;132516;мех
500115329;132518;мех
500115331;132520;мех
500115345;96976;мех
500115347;96978;мех
500115349;96980;мех
500115351;96982;мех
500115353;96984;мех
500115355;96986;мех
500115474;132588;мех
500115476;132590;мех
500115478;132592;мех
500115480;132594;мех
500115482;132596;мех
500115484;132597;мех
500115486;97061;мех
500115488;132599;мех
500115490;132601;мех
500115492;132603;мех
500115496;132607;мех
500115498;132609;мех
500115500;132611;мех
500115502;132613;мех
500115504;132615;мех
500115506;132617;мех
500115508;132619;мех
500115510;132621;мех
500115512;132623;мех
500115514;132625;мех
500115516;132627;мех
500115518;132629;мех
500115520;132631;мех
500115522;132633;мех
500115524;132635;мех
500115526;97101;мех
500115528;132636;мех
500115530;97105;мех
500115532;132639;мех
500115534;132641;мех
500115536;132643;мех
500115538;132645;мех
500115540;132647;мех
500115542;132649;мех
500115544;132651;мех
500115546;132653;мех
500115548;132655;мех
500115550;132657;мех
500115552;132659;мех
500115554;132661;мех
500115556;132663;мех
500115558;132665;мех
500115560;132667;мех
500115562;132669;мех
500115564;132671;мех
500115566;132673;мех
500115568;132675;мех
500115570;132677;мех
500115572;97147;мех
500115574;97149;мех
500115576;132679;мех
500115578;132681;мех
500115580;132683;мех
500115582;97157;мех
500115584;132685;мех
500115586;132687;мех
500115588;132689;мех
500115590;132691;мех
500115592;132693;мех
500115594;132695;мех
500115596;132697;мех
500115598;132699;мех
500115600;97175;мех
500115602;97177;мех
500115604;132701;мех
500115606;97181;мех
500115608;132703;мех
500115610;132705;мех
500115612;132707;мех
500115614;132709;мех
500115625;132711;мех
500115628;97194;мех
500115834;97210;мех
500115836;97212;мех
500115838;97214;мех
500115846;97220;мех
500115849;97223;мех
500115851;97225;мех
500115860;97231;мех
500115862;97233;мех
500115864;97235;мех
500115882;97248;мех
500116503;96272;мех
500116504;96273;мех
500116506;96275;мех
500116508;96277;мех
500116514;96282;мех
500116516;96283;мех
500116520;96286;мех
500116521;96287;мех
500116522;96288;мех
500116524;132968;мех
500116525;132969;мех
500116526;132970;мех
500116527;96292;мех
500116537;96300;мех
500116538;96301;мех
500116546;96308;мех
500116549;96311;мех
500116559;132977;мех
500116561;132979;мех
500116603;96348;мех
500116604;96349;мех
500116605;96350;мех
500116659;132999;мех
500116660;133000;мех
500116661;133001;мех
500116662;133002;мех
500116663;96370;мех
500116664;96371;мех
500116745;101202;мех
500116747;101204;мех
500116749;101206;мех
500116751;101208;мех
500116753;101210;мех
500116755;101212;мех
500116757;101214;мех
500116759;101216;мех
500117327;133067;мех
500117329;133069;мех
500117343;133083;мех
500117344;133084;мех
500117345;133085;мех
500117347;133087;мех
500117350;133090;мех
500117353;133093;мех
500117355;133095;мех
500117360;133100;мех
500117374;133112;мех
500117375;101286;мех
500120247;130891;мех
500120250;130893;мех
500120255;130894;мех
500120257;130895;мех
500120270;130896;мех
500120276;130899;мех
500120289;130900;мех
500120308;130901;мех
500120318;130902;мех
500120328;130905;мех
500120332;130906;мех
500120347;130910;мех
500120350;130912;мех
500120375;130918;мех
500120377;130919;мех
500120395;130924;мех
500120416;130927;мех
500120475;130930;мех
500120531;130943;мех
500120533;130944;мех
500120538;130946;мех
500120569;130954;мех
500120575;130956;мех
500120589;130957;мех
500120592;130959;мех
500120607;130963;мех
500120613;130965;мех
500120616;130966;мех
500120625;130969;мех
500120628;130971;мех
500120669;130981;мех
500120691;130985;мех
500120699;130990;мех
500120706;130992;мех
500120707;130993;мех
500120708;130994;мех
500120711;130995;мех
500120719;130996;мех
500120731;131000;мех
500120754;131007;мех
500120757;131009;мех
500120770;131012;мех
500120773;131014;мех
500120789;131017;мех
500120793;131018;мех
500120796;131020;мех
500120798;131021;мех
500120841;131022;мех
500120846;131023;мех
500120868;131026;мех
500120881;131028;мех
500120900;131030;мех
500120929;131032;мех
500120932;131033;мех
500120949;131035;мех
500120962;131038;мех
500120969;131040;мех
500120978;131042;мех
500120980;131043;мех
500120991;131045;мех
500120995;131047;мех
500121108;131049;мех
500121171;131051;мех
500121172;131052;мех
500121174;131054;мех
500121202;131063;мех
500121204;131064;мех
500121206;131066;мех
500121208;131068;мех
500121212;131071;мех
500121214;131073;мех
500121216;131075;мех
500121220;131077;мех
500121222;131078;мех
500121224;131080;мех
500121230;131083;мех
500121232;131085;мех
500121240;131093;мех
500121242;131095;мех
500121243;131096;мех
500121244;131097;мех
500121441;131100;мех
500121443;131102;мех
500121447;131104;мех
500121449;131106;мех
500121466;131115;мех
500121467;131116;мех
500121474;131122;мех
500121476;131124;мех
500121477;131125;мех
500121521;131138;мех
500121522;131139;мех
500121523;131140;мех
500121524;131141;мех
500121546;131156;мех
500121558;131157;мех
500121559;131158;мех
500121560;131159;мех
500121563;131162;мех
500121564;131163;мех
500121566;131165;мех
500121567;131166;мех
500121588;131182;мех
500121590;131184;мех
500121591;131185;мех
500121595;131189;мех
500121624;131192;мех
500121633;131195;мех
500121634;131196;мех
500121635;131197;мех
500121636;131198;мех
500121640;131201;мех
500121641;131202;мех
500121642;131203;мех
500121685;131218;мех
500121686;131219;мех
500121687;131220;мех
500121688;131221;мех
500121689;131222;мех
500121691;131224;мех
500121692;131225;мех
500121693;131226;мех
500121701;131234;мех
500121702;131235;мех
500121704;131237;мех
500121705;131238;мех
500121707;131239;мех
500121710;131240;мех
500121719;131247;мех
500121722;131248;мех
500121723;131249;мех
500121727;131250;мех
500121728;131251;мех
500121729;131252;мех
500121730;131253;мех
500121731;131254;мех
500121732;131255;мех
500121733;131256;мех
500121735;131258;мех
500121736;131259;мех
500121741;131262;мех
500121742;131263;мех
500121763;131265;мех
500121792;131269;мех
500121796;131273;мех
500121814;131289;мех
500121817;131292;мех
500121818;131293;мех
500121828;131303;мех
500121830;131305;мех
500121833;131308;мех
500121834;131309;мех
500121835;131310;мех
500121836;131311;мех
500121837;131312;мех
500121843;131318;мех
500121845;131320;мех
500121901;131355;мех
500121903;131357;мех
500121905;131359;мех
500121907;131361;мех
500121910;131364;мех
500121912;131366;мех
500121930;131379;мех
500121931;131380;мех
500121955;131388;мех
500121961;131390;мех
;;
;;
;;
;;
;;
;;
;;
;;
;;
;;
;;
;;
;;
;;
;;
;;
;;
;;
;;
;;
;;
;;
;;
;;
;;
;;
;;
;;
;;
;;
;;
;;
;;
;;
;;
;;
;;
;;
;;
;;
;;
;;
;;
;;
;;
;;
;;
;;
;;
;;
;;
;;
;;
;;
;;
;;
;;
;;
;;
;;
;;
;;
;;
;;
;;
;;
;;
;;
;;
;;
;;
;;
;;
;;
;;
;;
;;
;;
;;
;;
;;
;;
;;
;;
;;
;;
;;
;;
;;
;;
;;
;;
;;
;;
;;
;;
;;
;;
;;
;;
;;
;;
;;
;;
;;
;;
;;
;;
;;
;;
;;
;;
;;
;;
;;
;;
;;
;;
;;
;;
;;
;;
;;
;;
;;
;;
;;
;;
;;
;;
;;
;;
;;
;;
;;
;;
;;
;;
;;
;;
;;
;;
;;
;;
;;
;;
;;
;;
;;
;;
;;
;;
;;
;;
;;
;;
;;
;;
;;
;;
;;
;;
;;
;;
;;
;;
;;
;;
;;
;;
;;
;;
;;
;;
;;
;;
;;
;;
;;
;;
;;
;;
;;
;;
;;
;;
;;
;;
;;
;;
;;
;;
;;
;;
;;
;;
;;
;;
;;
;;
;;
;;
;;
;;
;;
;;
;;
;;
;;
;;
;;
;;
;;
;;
;;
;;
;;
;;
;;
;;
;;
;;
;;
;;
;;
;;
;;
;;
;;
;;
;;
;;
;;
;;
;;
;;
;;
;;
;;
;;
;;
;;
;;
;;
;;
;;
;;
;;
;;
;;
;;
;;
;;
;;
;;
;;
;;
;;
;;
;;
;;
;;
;;
;;
;;
;;
;;
;;
;;
;;
;;
;;
;;
;;
;;
;;
;;
;;
;;
;;
;;
;;
;;
;;
;;
;;
;;
;;
;;
;;
;;
;;
;;
;;
;;
;;
;;
;;
;;
;;
;;
;;
;;
;;
;;
;;
;;
;;
;;
;;
;;
;;
;;
;;
;;
;;
;;
;;
;;
;;
;;
;;
;;
;;
;;
;;
;;
;;
;;
;;
;;
;;
;;
;;
;;
;;
;;
;;
;;
;;
;;
;;
;;
;;
;;
;;
;;
;;
;;
;;
;;
;;
;;
;;
;;
;;
;;
;;
;;
;;
;;
;;
;;
;;
;;
;;
;;
;;
;;
;;
;;
;;
;;
;;
;;
;;
;;
;;
;;
;;
;;
;;
;;
;;
;;
;;
;;
;;
;;
;;
;;
;;
;;
;;
;;
;;
;;
;;
;;
;;
;;
;;
;;
;;
;;
;;
;;
;;
;;
;;
;;
;;
;;
;;
;;
;;
;;
;;
;;
;;
;;
;;
;;
;;
;;
;;
;;
;;
;;
;;
;;
;;
;;
;;
;;
;;
;;
;;
;;
;;
;;
;;
;;
;;
;;
;;
;;
;;
;;
;;
;;
;;
;;
;;
;;
;;
;;
;;
;;
;;
;;
;;
;;
;;
;;
;;
;;
;;
;;
;;
;;
;;
;;
;;
;;
;;
;;
;;
;;
;;
;;
;;
;;
;;
;;
;;
;;
;;
;;
;;
;;
;;
;;
;;
;;
;;
;;
;;
;;
;;
;;
;;
;;
;;
;;
;;
;;
;;
;;
;;
;;
;;
;;
;;
;;
;;
;;
;;
;;
;;
;;
;;
;;
;;
;;
;;
;;
;;
;;
;;
;;
;;
;;
;;
;;
;;
;;
;;
;;
;;
;;
;;
;;
;;
;;
;;
;;
;;
;;
;;
;;
;;
;;
;;
;;
;;
;;
;;
;;
;;
;;
;;
;;
;;
;;
;;
;;
;;
;;
;;
;;
;;
;;
;;
;;
;;
;;
;;
;;
;;
;;
;;
;;
;;
;;
;;
;;
;;
;;
;;
;;
;;
;;
;;
;;
;;
;;
;;
;;
;;
;;
;;
;;
;;
;;
;;
;;
;;
;;
;;
;;
;;
;;
;;
;;
;;
;;
;;
;;
;;
;;
;;
;;
;;
;;
;;
;;
;;
;;
;;
;;
;;
;;
;;
;;
;;
;;
;;
;;
;;
;;
;;
;;
;;
;;
;;
;;
;;
;;
;;
;;
;;
;;
;;
;;
;;
;;
;;
;;
;;
;;
;;
;;
;;
;;
;;
;;
;;
;;
;;
;;
;;
;;
;;
;;
;;
;;
;;
;;
;;
;;
;;
;;
;;
;;
;;
;;
;;
;;
;;
;;
;;
;;
;;
;;
;;
;;
;;
;;
;;
;;
;;
;;
;;
;;
;;
;;
;;
;;
;;
;;
;;
;;
;;
;;
;;
;;
;;
;;
;;
;;
;;
;;
;;
;;
;;
;;
;;
;;
;;
;;
;;
;;
;;
;;
;;
;;
;;
;;
;;
;;
;;
;;
;;
;;
;;
;;
;;
;;
;;
;;
;;
;;
;;
;;
;;
;;
;;
;;
;;
;;
;;
;;
;;
;;
;;
;;
;;
;;
;;
;;
;;
;;
;;
;;
;;
;;
;;
;;
;;
;;
;;
;;
;;
;;
;;
;;
;;
;;
;;
;;
;;
;;
;;
;;
;;
;;
;;
;;
;;
;;
;;
;;
;;
;;
;;
;;
;;
;;
;;
;;
;;
;;
;;
;;
;;
;;
;;
;;
;;
;;
;;
;;
;;
;;
;;
;;
;;
;;
;;
;;
;;
;;
;;
;;
;;
;;
;;
;;
;;
;;
;;
;;
;;
;;
;;
;;
;;
;;
;;
;;
;;
;;
;;
;;
;;
;;
;;
;;
;;
;;
;;
;;
;;
;;
;;
;;
;;
;;
;;
;;
;;
;;
;;
;;
;;
;;
;;
;;
;;
;;
;;
;;
;;
;;
;;
;;
;;
;;
;;
;;
;;
;;
;;
;;
;;
;;
;;
;;
;;
;;
;;
;;
;;
;;
;;
;;
;;
;;
;;
;;
;;
;;
;;
;;
;;
;;
;;
;;
;;
;;
;;
;;
;;
;;
;;
;;
;;
;;
;;
;;
;;
;;
;;
;;
;;
;;
;;
;;
;;
;;
;;
;;
;;
;;
;;
;;
;;
;;
;;
;;
;;
;;
;;
;;
;;
;;
;;
;;
;;
;;
;;
;;
;;
;;
;;
;;
;;
;;
;;
;;
;;
;;
;;
;;
;;
;;
;;
;;
;;
;;
;;
;;
;;
;;
;;
;;
;;
;;
;;
;;
;;
;;
;;
;;
;;
;;
;;
;;
;;
;;
;;
;;
;;
;;
;;
;;
;;
;;
;;
;;
;;
;;
;;
;;
;;
;;
;;
;;
;;
;;
;;
;;
;;
;;
;;
;;
;;
;;
;;
;;
;;
;;
;;
;;
;;
;;
;;
;;
;;
;;
;;
;;
;;
;;
;;
;;
;;
;;
;;
;;
;;
;;
;;
;;
;;
;;
;;
;;
;;
;;
;;
;;
;;
;;
;;
;;
;;
;;
;;
;;
;;
;;
;;
;;
;;
;;
;;
;;
;;
;;
;;
;;
;;
;;
;;
;;
;;
;;
;;
;;
;;
;;
;;
;;
;;
;;
;;
;;
;;
;;
;;
;;
;;
;;
;;
;;
;;
;;
;;
;;
;;
;;
;;
;;
;;
;;
;;
;;
;;
;;
;;
;;
;;
;;
;;
;;
;;
;;
;;
;;
;;
;;
;;
;;
;;
;;
;;
;;
;;
;;
;;
;;
;;
;;
;;
;;
;;
;;
;;
;;
;;
;;
;;
;;
;;
;;
;;
;;
;;
;;
;;
;;
;;
;;
;;
;;
;;
;;
;;
;;
;;
;;
;;
;;
;;
;;
;;
;;
;;
;;
;;
;;
;;
;;
;;
;;
;;
;;
;;
;;
;;
;;
;;
;;
;;
;;
;;
;;
;;
;;
;;
;;
;;
;;
;;
;;
;;
;;
;;
;;
;;
;;
;;
;;
;;
;;
;;
;;
;;
;;
;;
;;
;;
;;
;;
;;
;;
;;
;;
;;
;;
;;
;;
;;
;;
;;
;;
;;
;;
;;
;;
;;
;;
;;
;;
;;
;;
;;
;;
;;
;;
;;
;;
;;
;;
;;
;;
;;
;;
;;
;;
;;
;;
;;
;;
;;
;;
;;
;;
;;
;;
;;
;;
;;
;;
;;
;;
;;
;;
;;
;;
;;
;;
;;
;;
;;
;;
;;
;;
;;
;;
;;
;;
;;
;;
;;
;;
;;
;;
;;
;;
;;
;;
;;
;;
;;
;;
;;
;;
;;
;;
;;
;;
;;
;;
;;
;;
;;
;;
;;
;;
;;
;;
;;
;;
;;
;;
;;
;;
;;
;;
;;
;;
;;
;;
;;
;;
;;
;;
;;
;;
;;
;;
;;
;;
;;
;;
;;
;;
;;
;;
;;
;;
;;
;;
;;
;;
;;
;;
;;
;;
;;
;;
;;
;;
;;
;;
;;
;;
;;
;;
;;
;;
;;
;;
;;
;;
;;
;;
;;
;;
;;
;;
;;
;;
;;
;;
;;
;;
;;
;;
;;
;;
;;
;;
;;
;;
;;
;;
;;
;;
;;
;;
;;
;;
;;
;;
;;
;;
;;
;;
;;
;;
;;
;;
;;
;;
;;
;;
;;
;;
;;
;;
;;
;;
;;
;;
;;
;;
;;
;;
;;
;;
;;
;;
;;
;;
;;
;;
;;
;;
;;
;;
;;
;;
;;
;;
;;
;;
;;
;;
;;
;;
;;
;;
;;
;;
;;
;;
;;
;;
;;
;;
;;
;;
;;
;;
;;
;;
;;
;;
;;
;;
;;
;;
;;
;;
;;
;;
;;
;;
;;
;;
;;
;;
;;
;;
;;
;;
;;
;;
;;
;;
;;
;;
;;
;;
;;
;;
;;
;;
;;
;;
;;
;;
;;
;;
;;
;;
;;
;;
;;
;;
;;
;;
;;
;;
;;
;;
;;
;;
;;
;;
;;
;;
;;
;;
;;
;;
;;
;;
;;
;;
;;
;;
;;
;;
;;
;;
;;
;;
;;
;;
;;
;;
;;
;;
;;
;;
;;
;;
;;
;;
;;
;;
;;
;;
;;
;;
;;
;;
;;
;;
;;
;;
;;
;;
;;
;;
;;
;;
;;
;;
;;
;;
;;
;;
;;
;;
;;
;;
;;
;;
;;
;;
;;
;;
;;
;;
;;
;;
;;
;;
;;
;;
;;
;;
;;
;;
;;
;;
;;
;;
;;
;;
;;
;;
;;
;;
;;
;;
;;
;;
;;
;;
;;
;;
;;
;;
;;
;;
;;
;;
;;
;;
;;
;;
;;
;;
;;
;;
;;
;;
;;
;;
;;
;;
;;
;;
;;
;;
;;
;;
;;
;;
;;
;;
;;
;;
;;
;;
;;
;;
;;
;;
;;
;;
;;
;;
;;
;;
;;
;;
;;
;;
;;
;;
;;
;;
;;
;;
;;
;;
;;
;;
;;
;;
;;
;;
;;
;;
;;
;;
;;
;;
;;
;;
;;
;;
;;
;;
;;
;;
;;
;;
;;
;;
;;
;;
;;
;;
;;
;;
;;
;;
;;
;;
;;
;;
;;
;;
;;
;;
;;
;;
;;
;;
;;
;;
;;
;;
;;
;;
;;
;;
;;
;;
;;
;;
;;
;;
;;
;;
;;
;;
;;
;;
;;
;;
;;
;;
;;
;;
;;
;;
;;
;;
;;
;;
;;
;;
;;
;;
;;
;;
;;
;;
;;
;;
;;
;;
;;
;;
;;
;;
;;
;;
;;
;;
;;
;;
;;
;;
;;
;;
;;
;;
;;
;;
;;
;;
;;
;;
;;
;;
;;
;;
;;
;;
;;
;;
;;
;;
;;
;;
;;
;;
;;
;;
;;
;;
;;
;;
;;
;;
;;
;;
;;
;;
;;
;;
;;
;;
;;
;;
;;
;;
;;
;;
;;
;;
;;
;;
;;
;;
;;
;;
;;
;;
;;
;;
;;
;;
;;
;;
;;
;;
;;
;;
;;
;;
;;
;;
;;
;;
;;
;;
;;
;;
;;
;;
;;
;;
;;
;;
;;
;;
;;
;;
;;
;;
;;
;;
;;
;;
;;
;;
;;
;;
;;
;;
;;
;;
;;
;;
;;
;;
;;
;;
;;
;;
;;
;;
;;
;;
;;
;;
;;
;;
;;
;;
;;
;;
;;
;;
;;
;;
;;
;;
;;
;;
;;
;;
;;
;;
;;
;;
;;
;;
;;
;;
;;
;;
;;
;;
;;
;;
;;
;;
;;
;;
;;
;;
;;
;;
;;
;;
;;
;;
;;
;;
;;
;;
;;
;;
;;
;;
;;
;;
;;
;;
;;
;;
;;
;;
;;
;;
;;
;;
;;
;;
;;
;;
;;
;;
;;
;;
;;
;;
;;
;;
;;
;;
;;
;;
;;
;;
;;
;;
;;
;;
;;
;;
;;
;;
;;
;;
;;
;;
;;
;;
;;
;;
;;
;;
;;
;;
;;
;;
;;
;;
;;
;;
;;
;;
;;
;;
;;
;;
;;
;;
;;
;;
;;
;;
;;
;;
;;
;;
;;
;;
;;
;;
;;
;;
;;
;;
;;
;;
;;
;;
;;
;;
;;
;;
;;
;;
;;
;;
;;
;;
;;
;;
;;
;;
;;
;;
;;
;;
;;
;;
;;
;;
;;
;;
;;
;;
;;
;;
;;
;;
;;
;;
;;
;;
;;
